厂商,国家/地区,标准支持,标准覆盖,行业覆盖,AI 能力,宽带/公专融合,渠道,加权总分,百分制,权重_standard_coverage,权重_segment_coverage,权重_ai_capability,权重_broadband,权重_channel
海能达 Hytera,中国（深圳）,TETRA/DMR/PDT,0.5,1.0,1.0,1.0,1.0,0.85,85.0,0.3,0.25,0.2,0.15,0.1
中国通号（轨交 + 低空）,中国,5G-R/6G 无蜂窝（研发中）,0.25,0.2,0.6,1.0,0.6,0.455,45.5,0.3,0.25,0.2,0.15,0.1
遨游通讯 AORO,中国（深圳）,DMR/5G/卫星（天通/低轨/北斗）,0.625,0.0,0.0,1.0,0.8,0.417,41.7,0.3,0.25,0.2,0.15,0.1
摩托罗拉系统 Motorola Solutions,美国（伊利诺伊州）,TETRA/P25,0.0,0.4,0.0,1.0,0.8,0.33,33.0,0.3,0.25,0.2,0.15,0.1
科立讯 KIRISUN,中国,DMR/PDT,0.5,0.4,0.0,0.0,0.8,0.33,33.0,0.3,0.25,0.2,0.15,0.1
北峰 BFDX,中国,DMR/PDT,0.5,0.4,0.0,0.0,0.8,0.33,33.0,0.3,0.25,0.2,0.15,0.1
欧宇航 Airbus（Secure Land Communications）,欧洲,TETRA,0.0,0.4,0.0,1.0,0.6,0.31,31.0,0.3,0.25,0.2,0.15,0.1
Tait Communications,新西兰,P25/DMR,0.25,0.2,0.0,0.0,0.8,0.205,20.5,0.3,0.25,0.2,0.15,0.1
建伍 JVCKENWOOD,日本,DMR/NXDN,0.25,0.0,0.0,0.0,0.6,0.135,13.5,0.3,0.25,0.2,0.15,0.1
